,1,2,3,4,5,6,7,8,9,10,11,12,13,14,15,16,17,18,19,20,21,22,23,24,25,26,27,28,29,30,31,32,33,36,37,38,39,40,42,43,44,45,48,49,57,58,59,60,61,62,63,64
1,0.0,0.3333333333333333,0.0,0.0,0.125,0.0,0.03571428571428571,0.3333333333333333,0.0,0.02857142857142857,0.05263157894736842,0.2,0.09090909090909091,0.0,0.0,0.0,0.0625,0.0,0.0,0.3333333333333333,0.0,0.058823529411764705,0.25,0.0,0.0196078431372549,0.0,0.034482758620689655,0.2,0.0,0.25,0.5,0.3333333333333333,0.0,0.05,0.08333333333333333,0.0,0.0,0.0,0.0,0.0,0.058823529411764705,0.038461538461538464,0.0,0.0,1.0,0.03333333333333333,0.023255813953488372,0.0,0.03225806451612903,0.0,0.08333333333333333,1.0
2,0.2,0.6666666666666666,0.0,0.08333333333333333,0.125,0.3333333333333333,0.07142857142857142,0.3333333333333333,0.0,0.05714285714285714,0.05263157894736842,0.4,0.09090909090909091,0.0,0.1,0.0,0.0625,0.0,0.0,0.6666666666666666,0.0,0.058823529411764705,0.5,0.0,0.0196078431372549,0.0,0.034482758620689655,0.4,0.0,0.25,0.5,0.3333333333333333,0.0,0.05,0.08333333333333333,0.0625,0.08333333333333333,0.1,0.0,0.0,0.11764705882352941,0.07692307692307693,0.08333333333333333,0.0,1.0,0.06666666666666667,0.046511627906976744,0.037037037037037035,0.06451612903225806,0.0,0.16666666666666666,1.0
3,0.2,1.0,0.0,0.08333333333333333,0.125,0.3333333333333333,0.07142857142857142,0.3333333333333333,0.0,0.05714285714285714,0.10526315789473684,0.4,0.09090909090909091,0.0,0.1,0.0,0.0625,0.0,0.0,0.6666666666666666,0.0,0.058823529411764705,0.5,0.07692307692307693,0.0392156862745098,0.03333333333333333,0.034482758620689655,0.6,0.0,0.25,0.5,0.3333333333333333,0.0,0.1,0.08333333333333333,0.125,0.16666666666666666,0.1,0.0,0.024390243902439025,0.11764705882352941,0.07692307692307693,0.08333333333333333,0.0,1.0,0.1,0.046511627906976744,0.037037037037037035,0.0967741935483871,0.0,0.25,1.0
4,0.4,1.0,0.0,0.08333333333333333,0.25,0.6666666666666666,0.10714285714285714,0.6666666666666666,0.1111111111111111,0.05714285714285714,0.10526315789473684,0.4,0.09090909090909091,0.022727272727272728,0.1,0.0,0.125,0.09090909090909091,0.0,0.6666666666666666,0.0,0.058823529411764705,0.75,0.07692307692307693,0.0392156862745098,0.03333333333333333,0.06896551724137931,0.8,0.0,0.5,0.5,0.3333333333333333,0.0,0.15,0.16666666666666666,0.1875,0.16666666666666666,0.2,0.0,0.024390243902439025,0.11764705882352941,0.11538461538461539,0.08333333333333333,0.125,1.0,0.1,0.046511627906976744,0.037037037037037035,0.12903225806451613,0.0,0.3333333333333333,1.0
5,0.4,1.0,0.0,0.16666666666666666,0.25,0.6666666666666666,0.14285714285714285,0.6666666666666666,0.2222222222222222,0.08571428571428572,0.10526315789473684,0.4,0.18181818181818182,0.022727272727272728,0.1,0.0,0.125,0.09090909090909091,0.0,0.6666666666666666,0.0,0.058823529411764705,0.75,0.07692307692307693,0.0392156862745098,0.03333333333333333,0.06896551724137931,0.8,0.05263157894736842,0.5,0.5,0.3333333333333333,0.0,0.15,0.16666666666666666,0.1875,0.16666666666666666,0.3,0.0,0.024390243902439025,0.11764705882352941,0.11538461538461539,0.08333333333333333,0.125,1.0,0.1,0.046511627906976744,0.037037037037037035,0.16129032258064516,0.0,0.3333333333333333,1.0
6,0.4,1.0,0.0,0.16666666666666666,0.25,0.6666666666666666,0.17857142857142858,0.6666666666666666,0.2222222222222222,0.11428571428571428,0.15789473684210525,0.4,0.18181818181818182,0.022727272727272728,0.2,0.058823529411764705,0.1875,0.09090909090909091,0.09090909090909091,0.6666666666666666,0.09090909090909091,0.058823529411764705,0.75,0.07692307692307693,0.0392156862745098,0.06666666666666667,0.06896551724137931,0.8,0.05263157894736842,0.5,0.5,0.3333333333333333,0.0,0.15,0.16666666666666666,0.25,0.16666666666666666,0.3,0.0,0.024390243902439025,0.11764705882352941,0.11538461538461539,0.08333333333333333,0.25,1.0,0.1,0.046511627906976744,0.037037037037037035,0.16129032258064516,0.0,0.4166666666666667,1.0
7,0.4,1.0,0.0,0.16666666666666666,0.25,0.6666666666666666,0.21428571428571427,0.6666666666666666,0.2222222222222222,0.11428571428571428,0.15789473684210525,0.4,0.18181818181818182,0.022727272727272728,0.2,0.058823529411764705,0.1875,0.09090909090909091,0.09090909090909091,0.6666666666666666,0.09090909090909091,0.058823529411764705,0.75,0.07692307692307693,0.0392156862745098,0.1,0.06896551724137931,0.8,0.05263157894736842,0.5,0.5,0.3333333333333333,0.0,0.15,0.16666666666666666,0.25,0.16666666666666666,0.3,0.0,0.04878048780487805,0.11764705882352941,0.11538461538461539,0.08333333333333333,0.25,1.0,0.1,0.06976744186046512,0.037037037037037035,0.16129032258064516,0.0,0.4166666666666667,1.0
8,0.4,1.0,0.0,0.16666666666666666,0.25,0.6666666666666666,0.25,0.6666666666666666,0.2222222222222222,0.14285714285714285,0.21052631578947367,0.4,0.18181818181818182,0.022727272727272728,0.2,0.058823529411764705,0.1875,0.09090909090909091,0.18181818181818182,0.6666666666666666,0.09090909090909091,0.11764705882352941,0.75,0.07692307692307693,0.0392156862745098,0.1,0.10344827586206896,0.8,0.05263157894736842,0.5,0.5,0.3333333333333333,0.0,0.15,0.16666666666666666,0.25,0.16666666666666666,0.3,0.0,0.04878048780487805,0.11764705882352941,0.15384615384615385,0.08333333333333333,0.25,1.0,0.1,0.09302325581395349,0.037037037037037035,0.1935483870967742,0.0,0.4166666666666667,1.0
9,0.4,1.0,0.0,0.16666666666666666,0.25,0.6666666666666666,0.25,0.6666666666666666,0.2222222222222222,0.14285714285714285,0.21052631578947367,0.4,0.18181818181818182,0.022727272727272728,0.2,0.11764705882352941,0.1875,0.09090909090909091,0.18181818181818182,0.6666666666666666,0.09090909090909091,0.17647058823529413,0.75,0.07692307692307693,0.0392156862745098,0.1,0.10344827586206896,0.8,0.05263157894736842,0.5,0.5,0.3333333333333333,0.0,0.15,0.25,0.25,0.16666666666666666,0.3,0.0,0.07317073170731707,0.11764705882352941,0.15384615384615385,0.08333333333333333,0.25,1.0,0.13333333333333333,0.09302325581395349,0.037037037037037035,0.22580645161290322,0.0,0.5,1.0
10,0.4,1.0,0.0,0.16666666666666666,0.25,0.6666666666666666,0.25,0.6666666666666666,0.2222222222222222,0.17142857142857143,0.21052631578947367,0.4,0.18181818181818182,0.022727272727272728,0.2,0.11764705882352941,0.1875,0.09090909090909091,0.18181818181818182,0.6666666666666666,0.09090909090909091,0.17647058823529413,0.75,0.07692307692307693,0.0392156862745098,0.1,0.10344827586206896,0.8,0.05263157894736842,0.5,0.5,0.3333333333333333,0.0,0.15,0.25,0.25,0.16666666666666666,0.4,0.0,0.07317073170731707,0.11764705882352941,0.15384615384615385,0.08333333333333333,0.25,1.0,0.13333333333333333,0.11627906976744186,0.037037037037037035,0.25806451612903225,0.0,0.5,1.0
11,0.4,1.0,0.0,0.16666666666666666,0.25,0.6666666666666666,0.25,0.6666666666666666,0.2222222222222222,0.2,0.21052631578947367,0.4,0.18181818181818182,0.022727272727272728,0.2,0.17647058823529413,0.1875,0.09090909090909091,0.18181818181818182,0.6666666666666666,0.18181818181818182,0.17647058823529413,0.75,0.07692307692307693,0.0392156862745098,0.1,0.10344827586206896,0.8,0.05263157894736842,0.5,0.5,0.3333333333333333,0.0,0.2,0.3333333333333333,0.25,0.16666666666666666,0.4,0.0,0.0975609756097561,0.11764705882352941,0.15384615384615385,0.08333333333333333,0.25,1.0,0.13333333333333333,0.11627906976744186,0.037037037037037035,0.25806451612903225,0.0,0.5,1.0
12,0.4,1.0,0.0,0.16666666666666666,0.25,0.6666666666666666,0.25,0.6666666666666666,0.2222222222222222,0.22857142857142856,0.21052631578947367,0.4,0.18181818181818182,0.022727272727272728,0.2,0.17647058823529413,0.1875,0.18181818181818182,0.2727272727272727,0.6666666666666666,0.18181818181818182,0.17647058823529413,0.75,0.07692307692307693,0.058823529411764705,0.1,0.13793103448275862,0.8,0.05263157894736842,0.5,0.5,0.3333333333333333,0.0,0.25,0.4166666666666667,0.25,0.16666666666666666,0.4,0.0,0.0975609756097561,0.11764705882352941,0.15384615384615385,0.08333333333333333,0.25,1.0,0.13333333333333333,0.13953488372093023,0.037037037037037035,0.2903225806451613,0.0,0.5,1.0
13,0.6,1.0,0.0,0.16666666666666666,0.25,0.6666666666666666,0.25,0.6666666666666666,0.2222222222222222,0.22857142857142856,0.21052631578947367,0.4,0.18181818181818182,0.022727272727272728,0.2,0.17647058823529413,0.1875,0.18181818181818182,0.2727272727272727,0.6666666666666666,0.18181818181818182,0.17647058823529413,0.75,0.07692307692307693,0.0784313725490196,0.1,0.13793103448275862,0.8,0.05263157894736842,0.5,0.5,0.3333333333333333,1.0,0.3,0.4166666666666667,0.3125,0.25,0.4,0.0,0.0975609756097561,0.11764705882352941,0.15384615384615385,0.08333333333333333,0.375,1.0,0.13333333333333333,0.13953488372093023,0.037037037037037035,0.3225806451612903,0.0,0.5833333333333334,1.0
14,0.6,1.0,0.0,0.16666666666666666,0.25,0.6666666666666666,0.25,0.6666666666666666,0.3333333333333333,0.22857142857142856,0.2631578947368421,0.4,0.18181818181818182,0.022727272727272728,0.2,0.17647058823529413,0.1875,0.18181818181818182,0.36363636363636365,0.6666666666666666,0.18181818181818182,0.17647058823529413,0.75,0.07692307692307693,0.09803921568627451,0.1,0.13793103448275862,0.8,0.05263157894736842,0.5,0.5,0.3333333333333333,1.0,0.3,0.4166666666666667,0.375,0.3333333333333333,0.4,0.0,0.0975609756097561,0.11764705882352941,0.15384615384615385,0.08333333333333333,0.375,1.0,0.13333333333333333,0.13953488372093023,0.037037037037037035,0.3225806451612903,0.125,0.5833333333333334,1.0
15,0.6,1.0,0.0,0.16666666666666666,0.25,0.6666666666666666,0.2857142857142857,0.6666666666666666,0.4444444444444444,0.2571428571428571,0.3157894736842105,0.4,0.18181818181818182,0.022727272727272728,0.2,0.17647058823529413,0.1875,0.18181818181818182,0.36363636363636365,0.6666666666666666,0.18181818181818182,0.17647058823529413,0.75,0.07692307692307693,0.09803921568627451,0.1,0.13793103448275862,0.8,0.05263157894736842,0.5,0.5,0.3333333333333333,1.0,0.3,0.4166666666666667,0.375,0.4166666666666667,0.5,0.0,0.12195121951219512,0.11764705882352941,0.15384615384615385,0.08333333333333333,0.375,1.0,0.13333333333333333,0.16279069767441862,0.037037037037037035,0.3225806451612903,0.125,0.5833333333333334,1.0
16,0.6,1.0,0.0,0.16666666666666666,0.25,0.6666666666666666,0.2857142857142857,0.6666666666666666,0.4444444444444444,0.2571428571428571,0.3684210526315789,0.4,0.18181818181818182,0.022727272727272728,0.2,0.17647058823529413,0.1875,0.18181818181818182,0.45454545454545453,0.6666666666666666,0.18181818181818182,0.17647058823529413,0.75,0.07692307692307693,0.11764705882352941,0.13333333333333333,0.1724137931034483,0.8,0.05263157894736842,0.5,0.5,0.3333333333333333,1.0,0.3,0.4166666666666667,0.375,0.4166666666666667,0.5,0.0,0.12195121951219512,0.11764705882352941,0.19230769230769232,0.08333333333333333,0.375,1.0,0.16666666666666666,0.16279069767441862,0.037037037037037035,0.3225806451612903,0.125,0.5833333333333334,1.0
17,0.6,1.0,0.0,0.16666666666666666,0.25,0.6666666666666666,0.2857142857142857,0.6666666666666666,0.4444444444444444,0.2571428571428571,0.3684210526315789,0.4,0.18181818181818182,0.045454545454545456,0.2,0.17647058823529413,0.25,0.18181818181818182,0.5454545454545454,0.6666666666666666,0.2727272727272727,0.17647058823529413,0.75,0.07692307692307693,0.11764705882352941,0.16666666666666666,0.1724137931034483,0.8,0.05263157894736842,0.5,1.0,0.3333333333333333,1.0,0.3,0.4166666666666667,0.4375,0.4166666666666667,0.5,0.0,0.14634146341463414,0.11764705882352941,0.19230769230769232,0.08333333333333333,0.5,1.0,0.16666666666666666,0.16279069767441862,0.037037037037037035,0.3225806451612903,0.125,0.5833333333333334,1.0
18,0.6,1.0,0.0,0.16666666666666666,0.25,0.6666666666666666,0.2857142857142857,0.6666666666666666,0.4444444444444444,0.2857142857142857,0.42105263157894735,0.4,0.18181818181818182,0.045454545454545456,0.2,0.17647058823529413,0.25,0.18181818181818182,0.5454545454545454,0.6666666666666666,0.2727272727272727,0.17647058823529413,0.75,0.07692307692307693,0.11764705882352941,0.16666666666666666,0.1724137931034483,0.8,0.05263157894736842,0.5,1.0,0.3333333333333333,1.0,0.3,0.4166666666666667,0.4375,0.5,0.5,0.047619047619047616,0.14634146341463414,0.11764705882352941,0.19230769230769232,0.08333333333333333,0.5,1.0,0.16666666666666666,0.16279069767441862,0.07407407407407407,0.3225806451612903,0.125,0.5833333333333334,1.0
19,0.6,1.0,0.0,0.16666666666666666,0.25,0.6666666666666666,0.2857142857142857,0.6666666666666666,0.4444444444444444,0.3142857142857143,0.42105263157894735,0.4,0.2727272727272727,0.045454545454545456,0.2,0.17647058823529413,0.3125,0.18181818181818182,0.5454545454545454,0.6666666666666666,0.36363636363636365,0.17647058823529413,0.75,0.07692307692307693,0.11764705882352941,0.16666666666666666,0.1724137931034483,0.8,0.05263157894736842,0.5,1.0,0.3333333333333333,1.0,0.3,0.4166666666666667,0.4375,0.5,0.5,0.047619047619047616,0.14634146341463414,0.11764705882352941,0.19230769230769232,0.08333333333333333,0.5,1.0,0.16666666666666666,0.16279069767441862,0.1111111111111111,0.3225806451612903,0.25,0.5833333333333334,1.0
20,0.6,1.0,0.0,0.16666666666666666,0.375,0.6666666666666666,0.2857142857142857,0.6666666666666666,0.4444444444444444,0.3142857142857143,0.42105263157894735,0.4,0.2727272727272727,0.045454545454545456,0.2,0.17647058823529413,0.3125,0.18181818181818182,0.5454545454545454,0.6666666666666666,0.36363636363636365,0.17647058823529413,0.75,0.07692307692307693,0.13725490196078433,0.16666666666666666,0.20689655172413793,0.8,0.10526315789473684,0.5,1.0,0.3333333333333333,1.0,0.35,0.4166666666666667,0.5,0.5,0.5,0.047619047619047616,0.14634146341463414,0.11764705882352941,0.19230769230769232,0.08333333333333333,0.5,1.0,0.16666666666666666,0.16279069767441862,0.1111111111111111,0.3225806451612903,0.25,0.5833333333333334,1.0
21,0.6,1.0,0.0,0.16666666666666666,0.375,0.6666666666666666,0.32142857142857145,0.6666666666666666,0.4444444444444444,0.34285714285714286,0.42105263157894735,0.4,0.36363636363636365,0.045454545454545456,0.2,0.17647058823529413,0.3125,0.18181818181818182,0.5454545454545454,0.6666666666666666,0.36363636363636365,0.17647058823529413,0.75,0.07692307692307693,0.13725490196078433,0.16666666666666666,0.2413793103448276,0.8,0.15789473684210525,0.5,1.0,0.3333333333333333,1.0,0.4,0.4166666666666667,0.5,0.5,0.5,0.047619047619047616,0.14634146341463414,0.11764705882352941,0.19230769230769232,0.08333333333333333,0.5,1.0,0.2,0.16279069767441862,0.1111111111111111,0.3225806451612903,0.25,0.5833333333333334,1.0
22,0.8,1.0,0.16666666666666666,0.16666666666666666,0.375,0.6666666666666666,0.32142857142857145,0.6666666666666666,0.4444444444444444,0.34285714285714286,0.42105263157894735,0.4,0.45454545454545453,0.045454545454545456,0.2,0.17647058823529413,0.3125,0.18181818181818182,0.5454545454545454,0.6666666666666666,0.36363636363636365,0.17647058823529413,0.75,0.07692307692307693,0.1568627450980392,0.2,0.27586206896551724,0.8,0.21052631578947367,0.5,1.0,0.3333333333333333,1.0,0.4,0.4166666666666667,0.5,0.5,0.6,0.047619047619047616,0.14634146341463414,0.11764705882352941,0.19230769230769232,0.08333333333333333,0.5,1.0,0.2,0.16279069767441862,0.1111111111111111,0.3225806451612903,0.25,0.5833333333333334,1.0
23,0.8,1.0,0.16666666666666666,0.16666666666666666,0.375,0.6666666666666666,0.32142857142857145,0.6666666666666666,0.4444444444444444,0.37142857142857144,0.42105263157894735,0.4,0.45454545454545453,0.045454545454545456,0.2,0.17647058823529413,0.3125,0.18181818181818182,0.5454545454545454,0.6666666666666666,0.36363636363636365,0.17647058823529413,0.75,0.15384615384615385,0.17647058823529413,0.2,0.3103448275862069,0.8,0.2631578947368421,0.5,1.0,0.3333333333333333,1.0,0.45,0.4166666666666667,0.5,0.5,0.6,0.047619047619047616,0.14634146341463414,0.11764705882352941,0.19230769230769232,0.08333333333333333,0.5,1.0,0.2,0.18604651162790697,0.1111111111111111,0.3225806451612903,0.25,0.5833333333333334,1.0
24,0.8,1.0,0.16666666666666666,0.16666666666666666,0.375,0.6666666666666666,0.32142857142857145,0.6666666666666666,0.4444444444444444,0.37142857142857144,0.42105263157894735,0.4,0.5454545454545454,0.045454545454545456,0.3,0.17647058823529413,0.3125,0.2727272727272727,0.5454545454545454,0.6666666666666666,0.36363636363636365,0.17647058823529413,0.75,0.15384615384615385,0.17647058823529413,0.2,0.3103448275862069,0.8,0.2631578947368421,0.5,1.0,0.3333333333333333,1.0,0.45,0.4166666666666667,0.5,0.5,0.6,0.09523809523809523,0.14634146341463414,0.11764705882352941,0.19230769230769232,0.08333333333333333,0.5,1.0,0.23333333333333334,0.18604651162790697,0.1111111111111111,0.3225806451612903,0.25,0.5833333333333334,1.0
25,0.8,1.0,0.16666666666666666,0.16666666666666666,0.375,0.6666666666666666,0.32142857142857145,0.6666666666666666,0.4444444444444444,0.37142857142857144,0.42105263157894735,0.6,0.5454545454545454,0.06818181818181818,0.3,0.17647058823529413,0.3125,0.2727272727272727,0.5454545454545454,0.6666666666666666,0.36363636363636365,0.23529411764705882,0.75,0.15384615384615385,0.17647058823529413,0.2,0.3103448275862069,0.8,0.3157894736842105,0.5,1.0,0.3333333333333333,1.0,0.45,0.4166666666666667,0.5,0.5,0.6,0.09523809523809523,0.14634146341463414,0.11764705882352941,0.19230769230769232,0.08333333333333333,0.5,1.0,0.23333333333333334,0.18604651162790697,0.1111111111111111,0.3225806451612903,0.25,0.5833333333333334,1.0
26,0.8,1.0,0.16666666666666666,0.16666666666666666,0.375,0.6666666666666666,0.32142857142857145,0.6666666666666666,0.4444444444444444,0.37142857142857144,0.42105263157894735,0.6,0.5454545454545454,0.06818181818181818,0.3,0.17647058823529413,0.3125,0.2727272727272727,0.5454545454545454,0.6666666666666666,0.36363636363636365,0.23529411764705882,0.75,0.15384615384615385,0.19607843137254902,0.2,0.3103448275862069,0.8,0.3157894736842105,0.5,1.0,0.3333333333333333,1.0,0.5,0.4166666666666667,0.5,0.5,0.6,0.14285714285714285,0.14634146341463414,0.17647058823529413,0.19230769230769232,0.08333333333333333,0.5,1.0,0.26666666666666666,0.20930232558139536,0.1111111111111111,0.3225806451612903,0.25,0.5833333333333334,1.0
27,0.8,1.0,0.16666666666666666,0.16666666666666666,0.375,0.6666666666666666,0.32142857142857145,0.6666666666666666,0.4444444444444444,0.4,0.42105263157894735,0.6,0.5454545454545454,0.09090909090909091,0.3,0.17647058823529413,0.3125,0.2727272727272727,0.5454545454545454,0.6666666666666666,0.36363636363636365,0.23529411764705882,0.75,0.15384615384615385,0.21568627450980393,0.2,0.3103448275862069,0.8,0.3157894736842105,0.5,1.0,0.3333333333333333,1.0,0.55,0.4166666666666667,0.5,0.5,0.6,0.14285714285714285,0.14634146341463414,0.17647058823529413,0.19230769230769232,0.08333333333333333,0.5,1.0,0.26666666666666666,0.20930232558139536,0.14814814814814814,0.3225806451612903,0.25,0.5833333333333334,1.0
28,0.8,1.0,0.16666666666666666,0.16666666666666666,0.375,1.0,0.32142857142857145,0.6666666666666666,0.5555555555555556,0.4,0.42105263157894735,0.6,0.5454545454545454,0.09090909090909091,0.3,0.17647058823529413,0.3125,0.2727272727272727,0.5454545454545454,0.6666666666666666,0.36363636363636365,0.23529411764705882,0.75,0.15384615384615385,0.21568627450980393,0.2,0.3103448275862069,0.8,0.3157894736842105,0.5,1.0,0.3333333333333333,1.0,0.6,0.4166666666666667,0.5625,0.5,0.6,0.14285714285714285,0.14634146341463414,0.17647058823529413,0.19230769230769232,0.08333333333333333,0.5,1.0,0.26666666666666666,0.20930232558139536,0.14814814814814814,0.3225806451612903,0.25,0.5833333333333334,1.0
29,0.8,1.0,0.16666666666666666,0.16666666666666666,0.375,1.0,0.32142857142857145,0.6666666666666666,0.6666666666666666,0.4,0.42105263157894735,0.8,0.5454545454545454,0.09090909090909091,0.3,0.17647058823529413,0.3125,0.2727272727272727,0.5454545454545454,0.6666666666666666,0.36363636363636365,0.23529411764705882,0.75,0.15384615384615385,0.21568627450980393,0.2,0.3103448275862069,0.8,0.3157894736842105,0.5,1.0,0.3333333333333333,1.0,0.6,0.4166666666666667,0.5625,0.5,0.7,0.14285714285714285,0.14634146341463414,0.17647058823529413,0.23076923076923078,0.08333333333333333,0.5,1.0,0.26666666666666666,0.20930232558139536,0.14814814814814814,0.3225806451612903,0.25,0.5833333333333334,1.0
30,0.8,1.0,0.16666666666666666,0.16666666666666666,0.375,1.0,0.32142857142857145,0.6666666666666666,0.6666666666666666,0.4,0.42105263157894735,0.8,0.5454545454545454,0.11363636363636363,0.3,0.17647058823529413,0.3125,0.2727272727272727,0.5454545454545454,0.6666666666666666,0.36363636363636365,0.23529411764705882,0.75,0.15384615384615385,0.21568627450980393,0.2,0.3103448275862069,0.8,0.3157894736842105,0.5,1.0,0.3333333333333333,1.0,0.6,0.4166666666666667,0.5625,0.5,0.7,0.14285714285714285,0.14634146341463414,0.17647058823529413,0.23076923076923078,0.08333333333333333,0.5,1.0,0.26666666666666666,0.20930232558139536,0.14814814814814814,0.3225806451612903,0.25,0.5833333333333334,1.0
31,0.8,1.0,0.16666666666666666,0.16666666666666666,0.375,1.0,0.32142857142857145,0.6666666666666666,0.6666666666666666,0.42857142857142855,0.42105263157894735,0.8,0.5454545454545454,0.13636363636363635,0.3,0.17647058823529413,0.3125,0.2727272727272727,0.5454545454545454,0.6666666666666666,0.36363636363636365,0.23529411764705882,0.75,0.15384615384615385,0.21568627450980393,0.2,0.3103448275862069,0.8,0.3157894736842105,0.5,1.0,0.3333333333333333,1.0,0.6,0.4166666666666667,0.5625,0.5,0.8,0.14285714285714285,0.17073170731707318,0.17647058823529413,0.23076923076923078,0.08333333333333333,0.625,1.0,0.26666666666666666,0.20930232558139536,0.18518518518518517,0.3225806451612903,0.25,0.6666666666666666,1.0
32,0.8,1.0,0.16666666666666666,0.16666666666666666,0.375,1.0,0.32142857142857145,1.0,0.6666666666666666,0.42857142857142855,0.42105263157894735,0.8,0.5454545454545454,0.13636363636363635,0.3,0.23529411764705882,0.3125,0.2727272727272727,0.5454545454545454,0.6666666666666666,0.36363636363636365,0.23529411764705882,0.75,0.15384615384615385,0.21568627450980393,0.23333333333333334,0.3103448275862069,0.8,0.3157894736842105,0.5,1.0,0.3333333333333333,1.0,0.6,0.4166666666666667,0.5625,0.5,0.8,0.19047619047619047,0.17073170731707318,0.17647058823529413,0.23076923076923078,0.08333333333333333,0.625,1.0,0.26666666666666666,0.23255813953488372,0.18518518518518517,0.3548387096774194,0.25,0.6666666666666666,1.0
33,0.8,1.0,0.16666666666666666,0.16666666666666666,0.375,1.0,0.32142857142857145,1.0,0.6666666666666666,0.42857142857142855,0.42105263157894735,0.8,0.5454545454545454,0.13636363636363635,0.3,0.23529411764705882,0.3125,0.2727272727272727,0.5454545454545454,0.6666666666666666,0.36363636363636365,0.23529411764705882,0.75,0.15384615384615385,0.21568627450980393,0.23333333333333334,0.3103448275862069,0.8,0.3684210526315789,0.5,1.0,0.3333333333333333,1.0,0.65,0.4166666666666667,0.5625,0.5,0.8,0.19047619047619047,0.17073170731707318,0.17647058823529413,0.23076923076923078,0.08333333333333333,0.625,1.0,0.26666666666666666,0.23255813953488372,0.2222222222222222,0.3870967741935484,0.25,0.6666666666666666,1.0
34,0.8,1.0,0.16666666666666666,0.16666666666666666,0.375,1.0,0.32142857142857145,1.0,0.6666666666666666,0.42857142857142855,0.42105263157894735,0.8,0.5454545454545454,0.13636363636363635,0.3,0.29411764705882354,0.3125,0.2727272727272727,0.5454545454545454,0.6666666666666666,0.36363636363636365,0.29411764705882354,0.75,0.15384615384615385,0.21568627450980393,0.23333333333333334,0.3103448275862069,0.8,0.3684210526315789,0.5,1.0,0.3333333333333333,1.0,0.7,0.4166666666666667,0.5625,0.5,0.8,0.23809523809523808,0.17073170731707318,0.23529411764705882,0.23076923076923078,0.08333333333333333,0.625,1.0,0.26666666666666666,0.23255813953488372,0.25925925925925924,0.3870967741935484,0.25,0.6666666666666666,1.0
35,0.8,1.0,0.16666666666666666,0.16666666666666666,0.375,1.0,0.32142857142857145,1.0,0.6666666666666666,0.42857142857142855,0.42105263157894735,0.8,0.5454545454545454,0.13636363636363635,0.3,0.29411764705882354,0.3125,0.2727272727272727,0.5454545454545454,0.6666666666666666,0.36363636363636365,0.35294117647058826,0.75,0.15384615384615385,0.21568627450980393,0.23333333333333334,0.3103448275862069,0.8,0.3684210526315789,0.5,1.0,0.6666666666666666,1.0,0.7,0.4166666666666667,0.625,0.5,0.8,0.23809523809523808,0.17073170731707318,0.23529411764705882,0.23076923076923078,0.08333333333333333,0.625,1.0,0.26666666666666666,0.23255813953488372,0.25925925925925924,0.3870967741935484,0.25,0.6666666666666666,1.0
36,0.8,1.0,0.16666666666666666,0.16666666666666666,0.375,1.0,0.32142857142857145,1.0,0.6666666666666666,0.42857142857142855,0.42105263157894735,0.8,0.5454545454545454,0.13636363636363635,0.3,0.29411764705882354,0.3125,0.2727272727272727,0.5454545454545454,0.6666666666666666,0.36363636363636365,0.35294117647058826,0.75,0.15384615384615385,0.21568627450980393,0.23333333333333334,0.3103448275862069,0.8,0.3684210526315789,0.5,1.0,0.6666666666666666,1.0,0.7,0.4166666666666667,0.625,0.5,0.8,0.2857142857142857,0.17073170731707318,0.23529411764705882,0.23076923076923078,0.08333333333333333,0.625,1.0,0.26666666666666666,0.23255813953488372,0.25925925925925924,0.3870967741935484,0.25,0.6666666666666666,1.0
37,0.8,1.0,0.16666666666666666,0.16666666666666666,0.375,1.0,0.32142857142857145,1.0,0.6666666666666666,0.42857142857142855,0.42105263157894735,0.8,0.5454545454545454,0.13636363636363635,0.3,0.29411764705882354,0.3125,0.2727272727272727,0.5454545454545454,0.6666666666666666,0.36363636363636365,0.35294117647058826,0.75,0.15384615384615385,0.21568627450980393,0.23333333333333334,0.3103448275862069,0.8,0.3684210526315789,0.5,1.0,0.6666666666666666,1.0,0.7,0.4166666666666667,0.625,0.5,0.8,0.2857142857142857,0.17073170731707318,0.23529411764705882,0.23076923076923078,0.08333333333333333,0.625,1.0,0.26666666666666666,0.23255813953488372,0.2962962962962963,0.3870967741935484,0.25,0.6666666666666666,1.0
38,0.8,1.0,0.16666666666666666,0.16666666666666666,0.375,1.0,0.32142857142857145,1.0,0.6666666666666666,0.42857142857142855,0.42105263157894735,0.8,0.5454545454545454,0.13636363636363635,0.3,0.29411764705882354,0.3125,0.2727272727272727,0.5454545454545454,0.6666666666666666,0.36363636363636365,0.35294117647058826,0.75,0.23076923076923078,0.23529411764705882,0.23333333333333334,0.3103448275862069,0.8,0.3684210526315789,0.5,1.0,0.6666666666666666,1.0,0.7,0.4166666666666667,0.625,0.5,0.8,0.2857142857142857,0.1951219512195122,0.23529411764705882,0.23076923076923078,0.08333333333333333,0.625,1.0,0.26666666666666666,0.23255813953488372,0.2962962962962963,0.41935483870967744,0.25,0.6666666666666666,1.0
39,0.8,1.0,0.3333333333333333,0.16666666666666666,0.375,1.0,0.32142857142857145,1.0,0.6666666666666666,0.42857142857142855,0.42105263157894735,0.8,0.5454545454545454,0.13636363636363635,0.3,0.29411764705882354,0.3125,0.2727272727272727,0.5454545454545454,0.6666666666666666,0.36363636363636365,0.35294117647058826,0.75,0.23076923076923078,0.23529411764705882,0.23333333333333334,0.3103448275862069,0.8,0.3684210526315789,0.5,1.0,0.6666666666666666,1.0,0.7,0.4166666666666667,0.625,0.5,0.8,0.3333333333333333,0.1951219512195122,0.23529411764705882,0.23076923076923078,0.08333333333333333,0.625,1.0,0.3,0.23255813953488372,0.2962962962962963,0.41935483870967744,0.25,0.6666666666666666,1.0
40,0.8,1.0,0.3333333333333333,0.16666666666666666,0.375,1.0,0.32142857142857145,1.0,0.6666666666666666,0.42857142857142855,0.42105263157894735,0.8,0.5454545454545454,0.13636363636363635,0.3,0.29411764705882354,0.3125,0.2727272727272727,0.5454545454545454,0.6666666666666666,0.36363636363636365,0.35294117647058826,0.75,0.23076923076923078,0.23529411764705882,0.23333333333333334,0.3103448275862069,0.8,0.3684210526315789,0.5,1.0,0.6666666666666666,1.0,0.7,0.4166666666666667,0.625,0.5,0.8,0.3333333333333333,0.21951219512195122,0.23529411764705882,0.23076923076923078,0.08333333333333333,0.625,1.0,0.3,0.23255813953488372,0.2962962962962963,0.41935483870967744,0.25,0.6666666666666666,1.0
41,0.8,1.0,0.3333333333333333,0.16666666666666666,0.375,1.0,0.32142857142857145,1.0,0.6666666666666666,0.42857142857142855,0.42105263157894735,0.8,0.5454545454545454,0.13636363636363635,0.3,0.29411764705882354,0.3125,0.2727272727272727,0.5454545454545454,0.6666666666666666,0.36363636363636365,0.35294117647058826,0.75,0.23076923076923078,0.2549019607843137,0.23333333333333334,0.3448275862068966,0.8,0.3684210526315789,0.5,1.0,0.6666666666666666,1.0,0.7,0.4166666666666667,0.625,0.5,0.8,0.3333333333333333,0.21951219512195122,0.23529411764705882,0.23076923076923078,0.08333333333333333,0.625,1.0,0.3,0.23255813953488372,0.2962962962962963,0.41935483870967744,0.25,0.6666666666666666,1.0
42,0.8,1.0,0.3333333333333333,0.16666666666666666,0.375,1.0,0.32142857142857145,1.0,0.6666666666666666,0.42857142857142855,0.42105263157894735,0.8,0.5454545454545454,0.13636363636363635,0.3,0.29411764705882354,0.3125,0.2727272727272727,0.5454545454545454,0.6666666666666666,0.36363636363636365,0.35294117647058826,0.75,0.23076923076923078,0.27450980392156865,0.26666666666666666,0.3793103448275862,0.8,0.3684210526315789,0.5,1.0,0.6666666666666666,1.0,0.75,0.4166666666666667,0.625,0.5833333333333334,0.8,0.3333333333333333,0.21951219512195122,0.23529411764705882,0.23076923076923078,0.08333333333333333,0.625,1.0,0.3333333333333333,0.2558139534883721,0.2962962962962963,0.41935483870967744,0.25,0.6666666666666666,1.0
43,0.8,1.0,0.3333333333333333,0.16666666666666666,0.375,1.0,0.32142857142857145,1.0,0.6666666666666666,0.42857142857142855,0.42105263157894735,0.8,0.5454545454545454,0.13636363636363635,0.3,0.35294117647058826,0.3125,0.2727272727272727,0.5454545454545454,0.6666666666666666,0.36363636363636365,0.35294117647058826,0.75,0.23076923076923078,0.27450980392156865,0.26666666666666666,0.3793103448275862,0.8,0.3684210526315789,0.5,1.0,0.6666666666666666,1.0,0.75,0.4166666666666667,0.625,0.5833333333333334,0.8,0.38095238095238093,0.21951219512195122,0.23529411764705882,0.2692307692307692,0.08333333333333333,0.625,1.0,0.3333333333333333,0.2558139534883721,0.2962962962962963,0.45161290322580644,0.25,0.6666666666666666,1.0
44,0.8,1.0,0.3333333333333333,0.16666666666666666,0.375,1.0,0.32142857142857145,1.0,0.6666666666666666,0.42857142857142855,0.42105263157894735,0.8,0.5454545454545454,0.13636363636363635,0.3,0.35294117647058826,0.3125,0.2727272727272727,0.5454545454545454,0.6666666666666666,0.36363636363636365,0.35294117647058826,0.75,0.23076923076923078,0.27450980392156865,0.26666666666666666,0.3793103448275862,0.8,0.3684210526315789,0.5,1.0,0.6666666666666666,1.0,0.75,0.4166666666666667,0.6875,0.5833333333333334,0.8,0.38095238095238093,0.24390243902439024,0.23529411764705882,0.2692307692307692,0.08333333333333333,0.625,1.0,0.3333333333333333,0.2558139534883721,0.2962962962962963,0.45161290322580644,0.25,0.6666666666666666,1.0
45,0.8,1.0,0.3333333333333333,0.16666666666666666,0.375,1.0,0.32142857142857145,1.0,0.6666666666666666,0.45714285714285713,0.42105263157894735,0.8,0.5454545454545454,0.13636363636363635,0.3,0.35294117647058826,0.3125,0.2727272727272727,0.5454545454545454,0.6666666666666666,0.36363636363636365,0.35294117647058826,0.75,0.23076923076923078,0.27450980392156865,0.26666666666666666,0.3793103448275862,0.8,0.3684210526315789,0.5,1.0,0.6666666666666666,1.0,0.75,0.4166666666666667,0.6875,0.5833333333333334,0.8,0.38095238095238093,0.24390243902439024,0.23529411764705882,0.3076923076923077,0.08333333333333333,0.625,1.0,0.3333333333333333,0.2558139534883721,0.3333333333333333,0.45161290322580644,0.25,0.75,1.0
46,0.8,1.0,0.3333333333333333,0.25,0.375,1.0,0.32142857142857145,1.0,0.7777777777777778,0.45714285714285713,0.42105263157894735,0.8,0.5454545454545454,0.13636363636363635,0.3,0.35294117647058826,0.3125,0.2727272727272727,0.5454545454545454,0.6666666666666666,0.36363636363636365,0.4117647058823529,0.75,0.23076923076923078,0.27450980392156865,0.26666666666666666,0.3793103448275862,0.8,0.3684210526315789,0.5,1.0,0.6666666666666666,1.0,0.75,0.4166666666666667,0.6875,0.5833333333333334,0.8,0.38095238095238093,0.24390243902439024,0.23529411764705882,0.3076923076923077,0.08333333333333333,0.625,1.0,0.3333333333333333,0.27906976744186046,0.3333333333333333,0.45161290322580644,0.25,0.75,1.0
47,0.8,1.0,0.3333333333333333,0.25,0.375,1.0,0.32142857142857145,1.0,0.7777777777777778,0.45714285714285713,0.42105263157894735,0.8,0.5454545454545454,0.13636363636363635,0.3,0.35294117647058826,0.3125,0.2727272727272727,0.5454545454545454,0.6666666666666666,0.36363636363636365,0.4117647058823529,0.75,0.23076923076923078,0.29411764705882354,0.26666666666666666,0.3793103448275862,0.8,0.3684210526315789,0.5,1.0,0.6666666666666666,1.0,0.75,0.4166666666666667,0.6875,0.5833333333333334,0.8,0.38095238095238093,0.24390243902439024,0.23529411764705882,0.3076923076923077,0.08333333333333333,0.625,1.0,0.3333333333333333,0.27906976744186046,0.3333333333333333,0.45161290322580644,0.25,0.75,1.0
48,0.8,1.0,0.3333333333333333,0.25,0.375,1.0,0.32142857142857145,1.0,0.7777777777777778,0.45714285714285713,0.42105263157894735,0.8,0.5454545454545454,0.13636363636363635,0.3,0.35294117647058826,0.3125,0.2727272727272727,0.5454545454545454,0.6666666666666666,0.36363636363636365,0.4117647058823529,0.75,0.23076923076923078,0.29411764705882354,0.26666666666666666,0.3793103448275862,0.8,0.3684210526315789,0.5,1.0,0.6666666666666666,1.0,0.75,0.4166666666666667,0.6875,0.5833333333333334,0.8,0.42857142857142855,0.24390243902439024,0.23529411764705882,0.3076923076923077,0.08333333333333333,0.625,1.0,0.3333333333333333,0.3023255813953488,0.37037037037037035,0.45161290322580644,0.25,0.75,1.0
49,0.8,1.0,0.3333333333333333,0.25,0.375,1.0,0.32142857142857145,1.0,0.7777777777777778,0.45714285714285713,0.42105263157894735,0.8,0.5454545454545454,0.13636363636363635,0.3,0.35294117647058826,0.3125,0.2727272727272727,0.5454545454545454,0.6666666666666666,0.36363636363636365,0.4117647058823529,0.75,0.23076923076923078,0.29411764705882354,0.26666666666666666,0.41379310344827586,0.8,0.3684210526315789,0.5,1.0,0.6666666666666666,1.0,0.75,0.4166666666666667,0.6875,0.6666666666666666,0.8,0.47619047619047616,0.24390243902439024,0.23529411764705882,0.3076923076923077,0.08333333333333333,0.625,1.0,0.3333333333333333,0.32558139534883723,0.37037037037037035,0.45161290322580644,0.25,0.75,1.0
50,0.8,1.0,0.3333333333333333,0.25,0.375,1.0,0.32142857142857145,1.0,0.7777777777777778,0.45714285714285713,0.42105263157894735,0.8,0.5454545454545454,0.13636363636363635,0.3,0.35294117647058826,0.3125,0.2727272727272727,0.5454545454545454,0.6666666666666666,0.36363636363636365,0.4117647058823529,0.75,0.23076923076923078,0.29411764705882354,0.26666666666666666,0.41379310344827586,0.8,0.3684210526315789,0.5,1.0,0.6666666666666666,1.0,0.75,0.4166666666666667,0.6875,0.6666666666666666,0.8,0.47619047619047616,0.24390243902439024,0.23529411764705882,0.3076923076923077,0.08333333333333333,0.625,1.0,0.3333333333333333,0.32558139534883723,0.37037037037037035,0.4838709677419355,0.25,0.75,1.0
51,0.8,1.0,0.3333333333333333,0.25,0.375,1.0,0.32142857142857145,1.0,0.7777777777777778,0.4857142857142857,0.42105263157894735,0.8,0.5454545454545454,0.13636363636363635,0.3,0.35294117647058826,0.3125,0.36363636363636365,0.5454545454545454,0.6666666666666666,0.36363636363636365,0.4117647058823529,0.75,0.23076923076923078,0.29411764705882354,0.3,0.4482758620689655,0.8,0.3684210526315789,0.5,1.0,0.6666666666666666,1.0,0.75,0.4166666666666667,0.6875,0.6666666666666666,0.8,0.47619047619047616,0.24390243902439024,0.23529411764705882,0.3076923076923077,0.08333333333333333,0.625,1.0,0.3333333333333333,0.32558139534883723,0.37037037037037035,0.5161290322580645,0.25,0.75,1.0
52,0.8,1.0,0.3333333333333333,0.25,0.375,1.0,0.32142857142857145,1.0,0.7777777777777778,0.4857142857142857,0.42105263157894735,0.8,0.5454545454545454,0.13636363636363635,0.3,0.35294117647058826,0.3125,0.36363636363636365,0.5454545454545454,0.6666666666666666,0.36363636363636365,0.4117647058823529,0.75,0.23076923076923078,0.29411764705882354,0.3,0.4482758620689655,0.8,0.3684210526315789,0.5,1.0,0.6666666666666666,1.0,0.75,0.4166666666666667,0.6875,0.6666666666666666,0.8,0.47619047619047616,0.24390243902439024,0.23529411764705882,0.3076923076923077,0.08333333333333333,0.625,1.0,0.3333333333333333,0.32558139534883723,0.37037037037037035,0.5483870967741935,0.375,0.75,1.0
53,0.8,1.0,0.3333333333333333,0.25,0.375,1.0,0.32142857142857145,1.0,0.7777777777777778,0.4857142857142857,0.42105263157894735,0.8,0.5454545454545454,0.13636363636363635,0.3,0.35294117647058826,0.3125,0.36363636363636365,0.5454545454545454,0.6666666666666666,0.36363636363636365,0.4117647058823529,0.75,0.23076923076923078,0.3137254901960784,0.3,0.4482758620689655,0.8,0.3684210526315789,0.5,1.0,0.6666666666666666,1.0,0.8,0.4166666666666667,0.6875,0.6666666666666666,0.8,0.47619047619047616,0.24390243902439024,0.23529411764705882,0.3076923076923077,0.08333333333333333,0.625,1.0,0.3333333333333333,0.32558139534883723,0.4074074074074074,0.5806451612903226,0.375,0.75,1.0
54,0.8,1.0,0.3333333333333333,0.25,0.375,1.0,0.32142857142857145,1.0,0.7777777777777778,0.4857142857142857,0.42105263157894735,0.8,0.5454545454545454,0.13636363636363635,0.3,0.4117647058823529,0.3125,0.36363636363636365,0.5454545454545454,0.6666666666666666,0.36363636363636365,0.4117647058823529,0.75,0.23076923076923078,0.3333333333333333,0.3,0.4482758620689655,0.8,0.42105263157894735,0.5,1.0,0.6666666666666666,1.0,0.8,0.4166666666666667,0.6875,0.6666666666666666,0.8,0.47619047619047616,0.24390243902439024,0.23529411764705882,0.3076923076923077,0.08333333333333333,0.625,1.0,0.3333333333333333,0.32558139534883723,0.4074074074074074,0.5806451612903226,0.375,0.75,1.0
55,0.8,1.0,0.3333333333333333,0.25,0.375,1.0,0.32142857142857145,1.0,0.7777777777777778,0.4857142857142857,0.42105263157894735,0.8,0.5454545454545454,0.13636363636363635,0.3,0.4117647058823529,0.375,0.36363636363636365,0.5454545454545454,0.6666666666666666,0.36363636363636365,0.4117647058823529,0.75,0.23076923076923078,0.3333333333333333,0.3,0.4482758620689655,0.8,0.42105263157894735,0.5,1.0,0.6666666666666666,1.0,0.8,0.4166666666666667,0.6875,0.6666666666666666,0.8,0.47619047619047616,0.24390243902439024,0.23529411764705882,0.3076923076923077,0.08333333333333333,0.625,1.0,0.3333333333333333,0.32558139534883723,0.4074074074074074,0.5806451612903226,0.5,0.75,1.0
56,0.8,1.0,0.3333333333333333,0.25,0.375,1.0,0.32142857142857145,1.0,0.7777777777777778,0.4857142857142857,0.42105263157894735,0.8,0.5454545454545454,0.13636363636363635,0.4,0.4117647058823529,0.375,0.36363636363636365,0.5454545454545454,0.6666666666666666,0.36363636363636365,0.47058823529411764,0.75,0.23076923076923078,0.3333333333333333,0.3333333333333333,0.4482758620689655,0.8,0.47368421052631576,0.5,1.0,0.6666666666666666,1.0,0.8,0.4166666666666667,0.6875,0.6666666666666666,0.8,0.47619047619047616,0.2682926829268293,0.23529411764705882,0.3076923076923077,0.08333333333333333,0.625,1.0,0.3333333333333333,0.32558139534883723,0.4074074074074074,0.5806451612903226,0.5,0.75,1.0
57,0.8,1.0,0.3333333333333333,0.25,0.375,1.0,0.32142857142857145,1.0,0.7777777777777778,0.4857142857142857,0.42105263157894735,0.8,0.5454545454545454,0.13636363636363635,0.4,0.4117647058823529,0.375,0.36363636363636365,0.5454545454545454,0.6666666666666666,0.36363636363636365,0.47058823529411764,0.75,0.23076923076923078,0.3333333333333333,0.3333333333333333,0.4482758620689655,0.8,0.5263157894736842,0.5,1.0,0.6666666666666666,1.0,0.8,0.4166666666666667,0.6875,0.6666666666666666,0.8,0.47619047619047616,0.2682926829268293,0.23529411764705882,0.3076923076923077,0.08333333333333333,0.625,1.0,0.3333333333333333,0.32558139534883723,0.4074074074074074,0.6129032258064516,0.5,0.75,1.0
58,0.8,1.0,0.3333333333333333,0.25,0.375,1.0,0.32142857142857145,1.0,0.7777777777777778,0.4857142857142857,0.42105263157894735,0.8,0.5454545454545454,0.13636363636363635,0.4,0.4117647058823529,0.375,0.36363636363636365,0.5454545454545454,0.6666666666666666,0.36363636363636365,0.47058823529411764,0.75,0.23076923076923078,0.3333333333333333,0.3333333333333333,0.4482758620689655,0.8,0.5263157894736842,0.5,1.0,0.6666666666666666,1.0,0.8,0.4166666666666667,0.6875,0.6666666666666666,0.8,0.47619047619047616,0.2682926829268293,0.23529411764705882,0.34615384615384615,0.08333333333333333,0.625,1.0,0.3333333333333333,0.32558139534883723,0.4074074074074074,0.6129032258064516,0.5,0.75,1.0
59,0.8,1.0,0.3333333333333333,0.25,0.375,1.0,0.32142857142857145,1.0,0.7777777777777778,0.4857142857142857,0.42105263157894735,0.8,0.5454545454545454,0.13636363636363635,0.4,0.4117647058823529,0.375,0.36363636363636365,0.5454545454545454,0.6666666666666666,0.36363636363636365,0.5294117647058824,1.0,0.23076923076923078,0.3333333333333333,0.3333333333333333,0.4482758620689655,0.8,0.5789473684210527,0.5,1.0,0.6666666666666666,1.0,0.8,0.4166666666666667,0.6875,0.75,0.8,0.47619047619047616,0.2682926829268293,0.23529411764705882,0.34615384615384615,0.08333333333333333,0.625,1.0,0.3333333333333333,0.3488372093023256,0.4444444444444444,0.6129032258064516,0.5,0.75,1.0
60,0.8,1.0,0.3333333333333333,0.25,0.375,1.0,0.32142857142857145,1.0,0.7777777777777778,0.4857142857142857,0.47368421052631576,0.8,0.5454545454545454,0.13636363636363635,0.4,0.4117647058823529,0.375,0.36363636363636365,0.5454545454545454,0.6666666666666666,0.36363636363636365,0.5294117647058824,1.0,0.23076923076923078,0.3333333333333333,0.3333333333333333,0.4482758620689655,0.8,0.5789473684210527,0.5,1.0,0.6666666666666666,1.0,0.8,0.4166666666666667,0.6875,0.75,0.8,0.47619047619047616,0.2682926829268293,0.23529411764705882,0.34615384615384615,0.08333333333333333,0.625,1.0,0.3333333333333333,0.37209302325581395,0.4444444444444444,0.6129032258064516,0.5,0.75,1.0
61,0.8,1.0,0.3333333333333333,0.25,0.375,1.0,0.32142857142857145,1.0,0.7777777777777778,0.4857142857142857,0.47368421052631576,0.8,0.5454545454545454,0.13636363636363635,0.4,0.4117647058823529,0.375,0.36363636363636365,0.5454545454545454,0.6666666666666666,0.36363636363636365,0.5294117647058824,1.0,0.23076923076923078,0.35294117647058826,0.3333333333333333,0.4482758620689655,0.8,0.5789473684210527,0.5,1.0,0.6666666666666666,1.0,0.8,0.4166666666666667,0.6875,0.75,0.8,0.47619047619047616,0.2682926829268293,0.23529411764705882,0.34615384615384615,0.08333333333333333,0.625,1.0,0.3333333333333333,0.37209302325581395,0.4444444444444444,0.6129032258064516,0.5,0.75,1.0
62,0.8,1.0,0.3333333333333333,0.25,0.375,1.0,0.32142857142857145,1.0,0.7777777777777778,0.4857142857142857,0.47368421052631576,0.8,0.5454545454545454,0.13636363636363635,0.4,0.4117647058823529,0.375,0.36363636363636365,0.5454545454545454,0.6666666666666666,0.36363636363636365,0.5294117647058824,1.0,0.23076923076923078,0.37254901960784315,0.3333333333333333,0.4482758620689655,0.8,0.5789473684210527,0.5,1.0,0.6666666666666666,1.0,0.8,0.4166666666666667,0.6875,0.75,0.8,0.47619047619047616,0.2926829268292683,0.23529411764705882,0.34615384615384615,0.08333333333333333,0.625,1.0,0.36666666666666664,0.37209302325581395,0.4444444444444444,0.6129032258064516,0.5,0.75,1.0
63,0.8,1.0,0.3333333333333333,0.25,0.375,1.0,0.32142857142857145,1.0,0.7777777777777778,0.4857142857142857,0.47368421052631576,0.8,0.5454545454545454,0.13636363636363635,0.4,0.4117647058823529,0.375,0.36363636363636365,0.5454545454545454,0.6666666666666666,0.36363636363636365,0.5882352941176471,1.0,0.23076923076923078,0.39215686274509803,0.3333333333333333,0.4482758620689655,0.8,0.5789473684210527,0.5,1.0,0.6666666666666666,1.0,0.8,0.4166666666666667,0.6875,0.75,0.8,0.47619047619047616,0.2926829268292683,0.23529411764705882,0.34615384615384615,0.16666666666666666,0.625,1.0,0.36666666666666664,0.37209302325581395,0.4444444444444444,0.6129032258064516,0.5,0.75,1.0
64,0.8,1.0,0.3333333333333333,0.25,0.375,1.0,0.32142857142857145,1.0,0.7777777777777778,0.4857142857142857,0.47368421052631576,0.8,0.6363636363636364,0.13636363636363635,0.4,0.4117647058823529,0.375,0.36363636363636365,0.5454545454545454,0.6666666666666666,0.36363636363636365,0.5882352941176471,1.0,0.23076923076923078,0.39215686274509803,0.3333333333333333,0.4482758620689655,0.8,0.5789473684210527,0.5,1.0,0.6666666666666666,1.0,0.8,0.4166666666666667,0.6875,0.75,0.8,0.47619047619047616,0.2926829268292683,0.23529411764705882,0.34615384615384615,0.16666666666666666,0.625,1.0,0.36666666666666664,0.37209302325581395,0.4444444444444444,0.6129032258064516,0.5,0.75,1.0
65,0.8,1.0,0.3333333333333333,0.25,0.375,1.0,0.32142857142857145,1.0,0.7777777777777778,0.4857142857142857,0.47368421052631576,0.8,0.6363636363636364,0.13636363636363635,0.4,0.4117647058823529,0.375,0.36363636363636365,0.5454545454545454,0.6666666666666666,0.36363636363636365,0.5882352941176471,1.0,0.23076923076923078,0.39215686274509803,0.3333333333333333,0.4482758620689655,0.8,0.5789473684210527,0.5,1.0,0.6666666666666666,1.0,0.8,0.4166666666666667,0.6875,0.75,0.8,0.47619047619047616,0.2926829268292683,0.23529411764705882,0.34615384615384615,0.16666666666666666,0.625,1.0,0.4,0.37209302325581395,0.4444444444444444,0.6129032258064516,0.5,0.75,1.0
66,0.8,1.0,0.3333333333333333,0.25,0.375,1.0,0.32142857142857145,1.0,0.7777777777777778,0.4857142857142857,0.47368421052631576,0.8,0.6363636363636364,0.13636363636363635,0.4,0.4117647058823529,0.375,0.36363636363636365,0.5454545454545454,0.6666666666666666,0.36363636363636365,0.5882352941176471,1.0,0.23076923076923078,0.39215686274509803,0.3333333333333333,0.4482758620689655,0.8,0.5789473684210527,0.5,1.0,0.6666666666666666,1.0,0.8,0.4166666666666667,0.6875,0.75,0.8,0.47619047619047616,0.2926829268292683,0.23529411764705882,0.34615384615384615,0.16666666666666666,0.625,1.0,0.4,0.37209302325581395,0.4444444444444444,0.6129032258064516,0.5,0.75,1.0
67,0.8,1.0,0.3333333333333333,0.25,0.375,1.0,0.32142857142857145,1.0,0.7777777777777778,0.4857142857142857,0.47368421052631576,0.8,0.6363636363636364,0.13636363636363635,0.4,0.4117647058823529,0.375,0.36363636363636365,0.5454545454545454,0.6666666666666666,0.36363636363636365,0.5882352941176471,1.0,0.23076923076923078,0.39215686274509803,0.3333333333333333,0.4482758620689655,0.8,0.5789473684210527,0.5,1.0,0.6666666666666666,1.0,0.8,0.4166666666666667,0.6875,0.8333333333333334,0.8,0.47619047619047616,0.2926829268292683,0.23529411764705882,0.34615384615384615,0.16666666666666666,0.625,1.0,0.43333333333333335,0.37209302325581395,0.4444444444444444,0.6129032258064516,0.5,0.75,1.0
68,0.8,1.0,0.3333333333333333,0.25,0.375,1.0,0.32142857142857145,1.0,0.7777777777777778,0.4857142857142857,0.47368421052631576,0.8,0.6363636363636364,0.13636363636363635,0.4,0.4117647058823529,0.375,0.36363636363636365,0.5454545454545454,0.6666666666666666,0.36363636363636365,0.5882352941176471,1.0,0.23076923076923078,0.39215686274509803,0.3333333333333333,0.4482758620689655,0.8,0.5789473684210527,0.5,1.0,0.6666666666666666,1.0,0.8,0.4166666666666667,0.6875,0.9166666666666666,0.8,0.47619047619047616,0.2926829268292683,0.29411764705882354,0.34615384615384615,0.16666666666666666,0.625,1.0,0.43333333333333335,0.37209302325581395,0.4444444444444444,0.6129032258064516,0.5,0.75,1.0
69,0.8,1.0,0.3333333333333333,0.25,0.375,1.0,0.32142857142857145,1.0,0.7777777777777778,0.4857142857142857,0.47368421052631576,0.8,0.6363636363636364,0.13636363636363635,0.4,0.4117647058823529,0.375,0.36363636363636365,0.5454545454545454,0.6666666666666666,0.36363636363636365,0.5882352941176471,1.0,0.23076923076923078,0.39215686274509803,0.3333333333333333,0.4482758620689655,0.8,0.5789473684210527,0.5,1.0,0.6666666666666666,1.0,0.8,0.4166666666666667,0.6875,0.9166666666666666,0.8,0.47619047619047616,0.2926829268292683,0.29411764705882354,0.34615384615384615,0.16666666666666666,0.625,1.0,0.43333333333333335,0.37209302325581395,0.48148148148148145,0.6129032258064516,0.5,0.75,1.0
70,0.8,1.0,0.3333333333333333,0.25,0.375,1.0,0.32142857142857145,1.0,0.7777777777777778,0.4857142857142857,0.47368421052631576,0.8,0.6363636363636364,0.13636363636363635,0.4,0.4117647058823529,0.375,0.36363636363636365,0.5454545454545454,0.6666666666666666,0.36363636363636365,0.5882352941176471,1.0,0.23076923076923078,0.39215686274509803,0.3333333333333333,0.4482758620689655,0.8,0.5789473684210527,0.5,1.0,0.6666666666666666,1.0,0.8,0.4166666666666667,0.6875,0.9166666666666666,0.8,0.47619047619047616,0.2926829268292683,0.29411764705882354,0.34615384615384615,0.16666666666666666,0.625,1.0,0.43333333333333335,0.37209302325581395,0.48148148148148145,0.6129032258064516,0.5,0.75,1.0
71,0.8,1.0,0.3333333333333333,0.25,0.375,1.0,0.32142857142857145,1.0,0.7777777777777778,0.4857142857142857,0.47368421052631576,0.8,0.6363636363636364,0.13636363636363635,0.4,0.4117647058823529,0.375,0.36363636363636365,0.5454545454545454,0.6666666666666666,0.36363636363636365,0.5882352941176471,1.0,0.23076923076923078,0.39215686274509803,0.3333333333333333,0.4482758620689655,0.8,0.5789473684210527,0.5,1.0,0.6666666666666666,1.0,0.8,0.4166666666666667,0.6875,0.9166666666666666,0.8,0.47619047619047616,0.2926829268292683,0.29411764705882354,0.34615384615384615,0.16666666666666666,0.625,1.0,0.43333333333333335,0.37209302325581395,0.48148148148148145,0.6129032258064516,0.5,0.75,1.0
72,0.8,1.0,0.3333333333333333,0.3333333333333333,0.375,1.0,0.32142857142857145,1.0,0.7777777777777778,0.4857142857142857,0.5263157894736842,0.8,0.6363636363636364,0.13636363636363635,0.4,0.4117647058823529,0.375,0.36363636363636365,0.5454545454545454,0.6666666666666666,0.36363636363636365,0.6470588235294118,1.0,0.23076923076923078,0.39215686274509803,0.3333333333333333,0.4482758620689655,0.8,0.5789473684210527,0.5,1.0,0.6666666666666666,1.0,0.8,0.4166666666666667,0.6875,0.9166666666666666,0.8,0.47619047619047616,0.2926829268292683,0.29411764705882354,0.34615384615384615,0.16666666666666666,0.625,1.0,0.43333333333333335,0.3953488372093023,0.48148148148148145,0.6129032258064516,0.5,0.75,1.0
73,0.8,1.0,0.3333333333333333,0.3333333333333333,0.375,1.0,0.32142857142857145,1.0,0.7777777777777778,0.4857142857142857,0.5263157894736842,0.8,0.6363636363636364,0.13636363636363635,0.4,0.4117647058823529,0.375,0.36363636363636365,0.5454545454545454,0.6666666666666666,0.36363636363636365,0.6470588235294118,1.0,0.23076923076923078,0.39215686274509803,0.3333333333333333,0.4482758620689655,0.8,0.5789473684210527,0.5,1.0,0.6666666666666666,1.0,0.8,0.4166666666666667,0.6875,0.9166666666666666,0.8,0.47619047619047616,0.2926829268292683,0.29411764705882354,0.34615384615384615,0.16666666666666666,0.625,1.0,0.43333333333333335,0.3953488372093023,0.48148148148148145,0.6129032258064516,0.5,0.75,1.0
74,0.8,1.0,0.3333333333333333,0.3333333333333333,0.375,1.0,0.32142857142857145,1.0,0.7777777777777778,0.4857142857142857,0.5263157894736842,0.8,0.6363636363636364,0.13636363636363635,0.4,0.4117647058823529,0.375,0.36363636363636365,0.5454545454545454,0.6666666666666666,0.36363636363636365,0.6470588235294118,1.0,0.23076923076923078,0.39215686274509803,0.3333333333333333,0.4482758620689655,0.8,0.5789473684210527,0.5,1.0,0.6666666666666666,1.0,0.8,0.4166666666666667,0.6875,0.9166666666666666,0.8,0.47619047619047616,0.2926829268292683,0.29411764705882354,0.34615384615384615,0.16666666666666666,0.625,1.0,0.43333333333333335,0.3953488372093023,0.48148148148148145,0.6129032258064516,0.625,0.75,1.0
75,0.8,1.0,0.3333333333333333,0.3333333333333333,0.375,1.0,0.32142857142857145,1.0,0.8888888888888888,0.4857142857142857,0.5263157894736842,0.8,0.6363636363636364,0.13636363636363635,0.4,0.4117647058823529,0.375,0.36363636363636365,0.5454545454545454,0.6666666666666666,0.36363636363636365,0.6470588235294118,1.0,0.23076923076923078,0.39215686274509803,0.3333333333333333,0.4482758620689655,0.8,0.5789473684210527,0.5,1.0,0.6666666666666666,1.0,0.8,0.4166666666666667,0.6875,0.9166666666666666,0.8,0.47619047619047616,0.2926829268292683,0.29411764705882354,0.34615384615384615,0.16666666666666666,0.625,1.0,0.43333333333333335,0.3953488372093023,0.48148148148148145,0.6129032258064516,0.625,0.75,1.0
76,0.8,1.0,0.3333333333333333,0.3333333333333333,0.375,1.0,0.32142857142857145,1.0,0.8888888888888888,0.4857142857142857,0.5263157894736842,0.8,0.6363636363636364,0.13636363636363635,0.4,0.4117647058823529,0.375,0.36363636363636365,0.5454545454545454,0.6666666666666666,0.36363636363636365,0.6470588235294118,1.0,0.23076923076923078,0.39215686274509803,0.3333333333333333,0.4482758620689655,0.8,0.5789473684210527,0.5,1.0,0.6666666666666666,1.0,0.8,0.4166666666666667,0.6875,0.9166666666666666,0.8,0.47619047619047616,0.2926829268292683,0.29411764705882354,0.34615384615384615,0.16666666666666666,0.625,1.0,0.43333333333333335,0.3953488372093023,0.48148148148148145,0.6129032258064516,0.625,0.75,1.0
77,0.8,1.0,0.3333333333333333,0.3333333333333333,0.375,1.0,0.32142857142857145,1.0,0.8888888888888888,0.4857142857142857,0.5263157894736842,0.8,0.6363636363636364,0.13636363636363635,0.4,0.4117647058823529,0.375,0.36363636363636365,0.5454545454545454,0.6666666666666666,0.36363636363636365,0.7058823529411765,1.0,0.23076923076923078,0.39215686274509803,0.3333333333333333,0.4482758620689655,0.8,0.5789473684210527,0.5,1.0,0.6666666666666666,1.0,0.8,0.4166666666666667,0.6875,0.9166666666666666,0.8,0.47619047619047616,0.2926829268292683,0.29411764705882354,0.34615384615384615,0.16666666666666666,0.625,1.0,0.43333333333333335,0.3953488372093023,0.48148148148148145,0.6129032258064516,0.625,0.75,1.0
78,0.8,1.0,0.3333333333333333,0.3333333333333333,0.375,1.0,0.32142857142857145,1.0,0.8888888888888888,0.4857142857142857,0.5263157894736842,0.8,0.6363636363636364,0.13636363636363635,0.4,0.4117647058823529,0.375,0.36363636363636365,0.6363636363636364,0.6666666666666666,0.36363636363636365,0.7647058823529411,1.0,0.23076923076923078,0.39215686274509803,0.3333333333333333,0.4482758620689655,0.8,0.5789473684210527,0.5,1.0,0.6666666666666666,1.0,0.8,0.4166666666666667,0.6875,0.9166666666666666,0.8,0.47619047619047616,0.2926829268292683,0.29411764705882354,0.34615384615384615,0.16666666666666666,0.625,1.0,0.43333333333333335,0.3953488372093023,0.48148148148148145,0.6129032258064516,0.625,0.75,1.0
79,0.8,1.0,0.3333333333333333,0.3333333333333333,0.375,1.0,0.32142857142857145,1.0,0.8888888888888888,0.4857142857142857,0.5263157894736842,0.8,0.6363636363636364,0.13636363636363635,0.4,0.4117647058823529,0.375,0.45454545454545453,0.6363636363636364,0.6666666666666666,0.36363636363636365,0.8235294117647058,1.0,0.23076923076923078,0.39215686274509803,0.3333333333333333,0.4482758620689655,0.8,0.5789473684210527,0.5,1.0,0.6666666666666666,1.0,0.8,0.4166666666666667,0.6875,0.9166666666666666,0.8,0.47619047619047616,0.2926829268292683,0.29411764705882354,0.34615384615384615,0.16666666666666666,0.625,1.0,0.43333333333333335,0.3953488372093023,0.48148148148148145,0.6129032258064516,0.625,0.75,1.0
80,0.8,1.0,0.3333333333333333,0.3333333333333333,0.375,1.0,0.32142857142857145,1.0,0.8888888888888888,0.4857142857142857,0.5263157894736842,0.8,0.6363636363636364,0.13636363636363635,0.4,0.4117647058823529,0.375,0.45454545454545453,0.6363636363636364,0.6666666666666666,0.36363636363636365,0.8823529411764706,1.0,0.23076923076923078,0.39215686274509803,0.3333333333333333,0.4482758620689655,0.8,0.5789473684210527,0.5,1.0,0.6666666666666666,1.0,0.8,0.4166666666666667,0.6875,0.9166666666666666,0.8,0.47619047619047616,0.3170731707317073,0.29411764705882354,0.34615384615384615,0.16666666666666666,0.625,1.0,0.43333333333333335,0.3953488372093023,0.48148148148148145,0.6451612903225806,0.625,0.75,1.0
81,0.8,1.0,0.3333333333333333,0.3333333333333333,0.375,1.0,0.32142857142857145,1.0,0.8888888888888888,0.4857142857142857,0.5263157894736842,0.8,0.6363636363636364,0.13636363636363635,0.4,0.4117647058823529,0.375,0.45454545454545453,0.6363636363636364,0.6666666666666666,0.36363636363636365,0.8823529411764706,1.0,0.23076923076923078,0.4117647058823529,0.3333333333333333,0.4482758620689655,0.8,0.5789473684210527,0.5,1.0,0.6666666666666666,1.0,0.8,0.4166666666666667,0.6875,0.9166666666666666,0.8,0.47619047619047616,0.3170731707317073,0.29411764705882354,0.34615384615384615,0.16666666666666666,0.625,1.0,0.43333333333333335,0.3953488372093023,0.48148148148148145,0.6451612903225806,0.625,0.75,1.0
82,0.8,1.0,0.3333333333333333,0.3333333333333333,0.375,1.0,0.32142857142857145,1.0,0.8888888888888888,0.4857142857142857,0.5263157894736842,0.8,0.6363636363636364,0.13636363636363635,0.5,0.4117647058823529,0.375,0.45454545454545453,0.6363636363636364,0.6666666666666666,0.36363636363636365,0.8823529411764706,1.0,0.23076923076923078,0.43137254901960786,0.3333333333333333,0.4482758620689655,0.8,0.5789473684210527,0.5,1.0,0.6666666666666666,1.0,0.8,0.4166666666666667,0.6875,0.9166666666666666,0.8,0.47619047619047616,0.3170731707317073,0.29411764705882354,0.34615384615384615,0.16666666666666666,0.625,1.0,0.43333333333333335,0.4186046511627907,0.48148148148148145,0.6451612903225806,0.625,0.75,1.0
83,0.8,1.0,0.3333333333333333,0.3333333333333333,0.375,1.0,0.32142857142857145,1.0,0.8888888888888888,0.4857142857142857,0.5263157894736842,0.8,0.6363636363636364,0.13636363636363635,0.5,0.4117647058823529,0.375,0.45454545454545453,0.6363636363636364,0.6666666666666666,0.36363636363636365,0.8823529411764706,1.0,0.23076923076923078,0.43137254901960786,0.3333333333333333,0.4482758620689655,0.8,0.5789473684210527,0.5,1.0,0.6666666666666666,1.0,0.8,0.4166666666666667,0.6875,0.9166666666666666,0.8,0.47619047619047616,0.3170731707317073,0.29411764705882354,0.34615384615384615,0.16666666666666666,0.625,1.0,0.43333333333333335,0.4186046511627907,0.48148148148148145,0.6451612903225806,0.625,0.75,1.0
84,0.8,1.0,0.3333333333333333,0.3333333333333333,0.375,1.0,0.32142857142857145,1.0,0.8888888888888888,0.4857142857142857,0.5263157894736842,0.8,0.6363636363636364,0.1590909090909091,0.5,0.4117647058823529,0.375,0.45454545454545453,0.6363636363636364,0.6666666666666666,0.36363636363636365,0.8823529411764706,1.0,0.23076923076923078,0.43137254901960786,0.3333333333333333,0.4482758620689655,0.8,0.5789473684210527,0.5,1.0,0.6666666666666666,1.0,0.8,0.4166666666666667,0.6875,0.9166666666666666,0.8,0.47619047619047616,0.3170731707317073,0.29411764705882354,0.34615384615384615,0.16666666666666666,0.625,1.0,0.43333333333333335,0.4186046511627907,0.48148148148148145,0.6451612903225806,0.625,0.75,1.0
85,0.8,1.0,0.3333333333333333,0.3333333333333333,0.375,1.0,0.32142857142857145,1.0,0.8888888888888888,0.4857142857142857,0.5263157894736842,0.8,0.6363636363636364,0.1590909090909091,0.5,0.4117647058823529,0.375,0.45454545454545453,0.6363636363636364,0.6666666666666666,0.36363636363636365,0.8823529411764706,1.0,0.23076923076923078,0.43137254901960786,0.3333333333333333,0.4482758620689655,0.8,0.5789473684210527,0.5,1.0,0.6666666666666666,1.0,0.8,0.4166666666666667,0.6875,0.9166666666666666,0.8,0.47619047619047616,0.3170731707317073,0.29411764705882354,0.34615384615384615,0.16666666666666666,0.625,1.0,0.43333333333333335,0.4186046511627907,0.48148148148148145,0.6451612903225806,0.625,0.75,1.0
86,0.8,1.0,0.3333333333333333,0.3333333333333333,0.5,1.0,0.32142857142857145,1.0,0.8888888888888888,0.4857142857142857,0.5263157894736842,0.8,0.6363636363636364,0.1590909090909091,0.5,0.4117647058823529,0.375,0.45454545454545453,0.6363636363636364,0.6666666666666666,0.36363636363636365,0.8823529411764706,1.0,0.23076923076923078,0.43137254901960786,0.3333333333333333,0.4482758620689655,0.8,0.5789473684210527,0.5,1.0,0.6666666666666666,1.0,0.8,0.4166666666666667,0.6875,0.9166666666666666,0.8,0.47619047619047616,0.3170731707317073,0.29411764705882354,0.34615384615384615,0.16666666666666666,0.625,1.0,0.43333333333333335,0.4186046511627907,0.48148148148148145,0.6451612903225806,0.625,0.75,1.0
87,0.8,1.0,0.3333333333333333,0.4166666666666667,0.5,1.0,0.32142857142857145,1.0,0.8888888888888888,0.4857142857142857,0.5263157894736842,0.8,0.6363636363636364,0.18181818181818182,0.5,0.4117647058823529,0.375,0.45454545454545453,0.6363636363636364,0.6666666666666666,0.36363636363636365,0.8823529411764706,1.0,0.23076923076923078,0.43137254901960786,0.3333333333333333,0.4482758620689655,0.8,0.5789473684210527,0.5,1.0,0.6666666666666666,1.0,0.8,0.4166666666666667,0.6875,0.9166666666666666,0.8,0.47619047619047616,0.3170731707317073,0.29411764705882354,0.34615384615384615,0.16666666666666666,0.625,1.0,0.43333333333333335,0.4186046511627907,0.48148148148148145,0.6451612903225806,0.625,0.75,1.0
88,0.8,1.0,0.3333333333333333,0.4166666666666667,0.5,1.0,0.32142857142857145,1.0,0.8888888888888888,0.4857142857142857,0.5263157894736842,0.8,0.6363636363636364,0.18181818181818182,0.5,0.4117647058823529,0.375,0.45454545454545453,0.6363636363636364,0.6666666666666666,0.36363636363636365,0.8823529411764706,1.0,0.23076923076923078,0.43137254901960786,0.3333333333333333,0.4482758620689655,0.8,0.5789473684210527,0.5,1.0,0.6666666666666666,1.0,0.8,0.4166666666666667,0.6875,0.9166666666666666,0.8,0.47619047619047616,0.3170731707317073,0.29411764705882354,0.38461538461538464,0.16666666666666666,0.625,1.0,0.43333333333333335,0.4186046511627907,0.48148148148148145,0.6451612903225806,0.625,0.75,1.0
89,0.8,1.0,0.3333333333333333,0.4166666666666667,0.5,1.0,0.35714285714285715,1.0,0.8888888888888888,0.4857142857142857,0.5263157894736842,0.8,0.6363636363636364,0.18181818181818182,0.5,0.4117647058823529,0.375,0.45454545454545453,0.6363636363636364,0.6666666666666666,0.36363636363636365,0.8823529411764706,1.0,0.23076923076923078,0.43137254901960786,0.3333333333333333,0.4482758620689655,0.8,0.5789473684210527,0.5,1.0,0.6666666666666666,1.0,0.8,0.4166666666666667,0.6875,0.9166666666666666,0.8,0.5238095238095238,0.3170731707317073,0.29411764705882354,0.38461538461538464,0.16666666666666666,0.625,1.0,0.43333333333333335,0.4186046511627907,0.48148148148148145,0.6451612903225806,0.625,0.75,1.0
90,0.8,1.0,0.3333333333333333,0.4166666666666667,0.5,1.0,0.35714285714285715,1.0,0.8888888888888888,0.4857142857142857,0.5263157894736842,0.8,0.6363636363636364,0.18181818181818182,0.5,0.4117647058823529,0.375,0.45454545454545453,0.6363636363636364,0.6666666666666666,0.36363636363636365,0.8823529411764706,1.0,0.23076923076923078,0.43137254901960786,0.3333333333333333,0.4482758620689655,0.8,0.5789473684210527,0.5,1.0,0.6666666666666666,1.0,0.8,0.4166666666666667,0.6875,0.9166666666666666,0.8,0.5238095238095238,0.3170731707317073,0.29411764705882354,0.38461538461538464,0.16666666666666666,0.625,1.0,0.43333333333333335,0.4186046511627907,0.48148148148148145,0.6451612903225806,0.625,0.75,1.0
91,0.8,1.0,0.3333333333333333,0.4166666666666667,0.5,1.0,0.35714285714285715,1.0,0.8888888888888888,0.4857142857142857,0.5263157894736842,0.8,0.6363636363636364,0.18181818181818182,0.5,0.4117647058823529,0.375,0.45454545454545453,0.6363636363636364,0.6666666666666666,0.36363636363636365,0.8823529411764706,1.0,0.23076923076923078,0.43137254901960786,0.3333333333333333,0.4482758620689655,0.8,0.5789473684210527,0.5,1.0,0.6666666666666666,1.0,0.85,0.4166666666666667,0.6875,0.9166666666666666,0.8,0.5238095238095238,0.3170731707317073,0.29411764705882354,0.38461538461538464,0.16666666666666666,0.625,1.0,0.43333333333333335,0.4186046511627907,0.5185185185185185,0.6451612903225806,0.625,0.75,1.0
92,0.8,1.0,0.3333333333333333,0.4166666666666667,0.5,1.0,0.35714285714285715,1.0,0.8888888888888888,0.4857142857142857,0.5263157894736842,0.8,0.6363636363636364,0.18181818181818182,0.5,0.4117647058823529,0.375,0.45454545454545453,0.6363636363636364,0.6666666666666666,0.36363636363636365,0.8823529411764706,1.0,0.23076923076923078,0.43137254901960786,0.3333333333333333,0.4482758620689655,0.8,0.5789473684210527,0.5,1.0,0.6666666666666666,1.0,0.85,0.5,0.6875,0.9166666666666666,0.8,0.5238095238095238,0.3170731707317073,0.29411764705882354,0.38461538461538464,0.16666666666666666,0.625,1.0,0.43333333333333335,0.4186046511627907,0.5555555555555556,0.6451612903225806,0.625,0.75,1.0
93,0.8,1.0,0.3333333333333333,0.4166666666666667,0.5,1.0,0.35714285714285715,1.0,0.8888888888888888,0.4857142857142857,0.5263157894736842,0.8,0.6363636363636364,0.18181818181818182,0.6,0.4117647058823529,0.375,0.45454545454545453,0.6363636363636364,0.6666666666666666,0.36363636363636365,0.8823529411764706,1.0,0.23076923076923078,0.43137254901960786,0.3333333333333333,0.4482758620689655,0.8,0.5789473684210527,0.5,1.0,0.6666666666666666,1.0,0.85,0.5,0.6875,0.9166666666666666,0.8,0.5238095238095238,0.3170731707317073,0.29411764705882354,0.38461538461538464,0.16666666666666666,0.625,1.0,0.43333333333333335,0.4186046511627907,0.5555555555555556,0.6451612903225806,0.625,0.75,1.0
94,0.8,1.0,0.3333333333333333,0.4166666666666667,0.5,1.0,0.35714285714285715,1.0,0.8888888888888888,0.4857142857142857,0.5263157894736842,0.8,0.6363636363636364,0.18181818181818182,0.6,0.47058823529411764,0.375,0.45454545454545453,0.6363636363636364,0.6666666666666666,0.36363636363636365,0.8823529411764706,1.0,0.23076923076923078,0.43137254901960786,0.3333333333333333,0.4482758620689655,0.8,0.5789473684210527,0.5,1.0,0.6666666666666666,1.0,0.85,0.5,0.6875,0.9166666666666666,0.8,0.5238095238095238,0.3170731707317073,0.29411764705882354,0.38461538461538464,0.16666666666666666,0.625,1.0,0.43333333333333335,0.4186046511627907,0.5555555555555556,0.6451612903225806,0.625,0.75,1.0
95,0.8,1.0,0.3333333333333333,0.4166666666666667,0.5,1.0,0.35714285714285715,1.0,0.8888888888888888,0.4857142857142857,0.5263157894736842,0.8,0.6363636363636364,0.18181818181818182,0.6,0.47058823529411764,0.375,0.45454545454545453,0.6363636363636364,0.6666666666666666,0.36363636363636365,0.8823529411764706,1.0,0.23076923076923078,0.43137254901960786,0.3333333333333333,0.4482758620689655,0.8,0.5789473684210527,0.5,1.0,0.6666666666666666,1.0,0.85,0.5,0.6875,0.9166666666666666,0.8,0.5238095238095238,0.3170731707317073,0.29411764705882354,0.38461538461538464,0.16666666666666666,0.625,1.0,0.43333333333333335,0.4186046511627907,0.5555555555555556,0.6451612903225806,0.625,0.75,1.0
96,0.8,1.0,0.3333333333333333,0.4166666666666667,0.625,1.0,0.35714285714285715,1.0,0.8888888888888888,0.4857142857142857,0.5263157894736842,0.8,0.6363636363636364,0.18181818181818182,0.6,0.47058823529411764,0.375,0.45454545454545453,0.6363636363636364,0.6666666666666666,0.36363636363636365,0.8823529411764706,1.0,0.23076923076923078,0.43137254901960786,0.3333333333333333,0.4482758620689655,0.8,0.5789473684210527,0.5,1.0,0.6666666666666666,1.0,0.85,0.5,0.6875,0.9166666666666666,0.8,0.5238095238095238,0.3170731707317073,0.29411764705882354,0.38461538461538464,0.16666666666666666,0.625,1.0,0.43333333333333335,0.4418604651162791,0.5555555555555556,0.6451612903225806,0.625,0.75,1.0
97,0.8,1.0,0.3333333333333333,0.4166666666666667,0.625,1.0,0.35714285714285715,1.0,0.8888888888888888,0.4857142857142857,0.5263157894736842,0.8,0.6363636363636364,0.18181818181818182,0.6,0.47058823529411764,0.375,0.45454545454545453,0.6363636363636364,0.6666666666666666,0.36363636363636365,0.8823529411764706,1.0,0.23076923076923078,0.43137254901960786,0.3333333333333333,0.4482758620689655,0.8,0.5789473684210527,0.5,1.0,0.6666666666666666,1.0,0.85,0.5,0.6875,0.9166666666666666,0.8,0.5238095238095238,0.3170731707317073,0.29411764705882354,0.38461538461538464,0.16666666666666666,0.625,1.0,0.43333333333333335,0.4418604651162791,0.5555555555555556,0.6451612903225806,0.625,0.75,1.0
98,0.8,1.0,0.3333333333333333,0.4166666666666667,0.625,1.0,0.35714285714285715,1.0,0.8888888888888888,0.4857142857142857,0.5263157894736842,0.8,0.6363636363636364,0.18181818181818182,0.6,0.47058823529411764,0.375,0.45454545454545453,0.6363636363636364,0.6666666666666666,0.36363636363636365,0.8823529411764706,1.0,0.23076923076923078,0.43137254901960786,0.3333333333333333,0.4482758620689655,0.8,0.5789473684210527,0.5,1.0,0.6666666666666666,1.0,0.85,0.5,0.6875,0.9166666666666666,0.8,0.5238095238095238,0.3170731707317073,0.29411764705882354,0.38461538461538464,0.16666666666666666,0.625,1.0,0.43333333333333335,0.4418604651162791,0.5555555555555556,0.6451612903225806,0.625,0.75,1.0
99,0.8,1.0,0.3333333333333333,0.4166666666666667,0.625,1.0,0.35714285714285715,1.0,0.8888888888888888,0.4857142857142857,0.5263157894736842,0.8,0.6363636363636364,0.18181818181818182,0.6,0.47058823529411764,0.375,0.45454545454545453,0.6363636363636364,0.6666666666666666,0.36363636363636365,0.8823529411764706,1.0,0.23076923076923078,0.43137254901960786,0.3333333333333333,0.4482758620689655,0.8,0.5789473684210527,0.5,1.0,0.6666666666666666,1.0,0.85,0.5,0.6875,0.9166666666666666,0.8,0.5238095238095238,0.34146341463414637,0.29411764705882354,0.38461538461538464,0.16666666666666666,0.625,1.0,0.43333333333333335,0.4418604651162791,0.5555555555555556,0.6451612903225806,0.625,0.75,1.0
100,0.8,1.0,0.3333333333333333,0.4166666666666667,0.625,1.0,0.35714285714285715,1.0,0.8888888888888888,0.4857142857142857,0.5263157894736842,0.8,0.6363636363636364,0.18181818181818182,0.6,0.47058823529411764,0.375,0.45454545454545453,0.6363636363636364,0.6666666666666666,0.36363636363636365,0.8823529411764706,1.0,0.23076923076923078,0.43137254901960786,0.3333333333333333,0.4482758620689655,0.8,0.5789473684210527,0.5,1.0,0.6666666666666666,1.0,0.85,0.5,0.6875,0.9166666666666666,0.8,0.5714285714285714,0.34146341463414637,0.29411764705882354,0.38461538461538464,0.16666666666666666,0.625,1.0,0.43333333333333335,0.4418604651162791,0.5555555555555556,0.6451612903225806,0.625,0.75,1.0
